{"cameraMode":{"drawMode":0,"name":"Shaded","section":"Shading Mode"},"sceneLighting":true,"audioPlay":false,"sceneViewState":{"m_AlwaysRefresh":false,"showFog":true,"showSkybox":true,"showFlares":true,"showImageEffects":true,"showParticleSystems":true,"showVisualEffectGraphs":true,"m_FxEnabled":true},"in2DMode":false,"pivot":{"x":0.3368910253047943,"y":0.21049320697784425,"z":-0.22248287498950959},"rotation":{"x":0.010068242438137532,"y":0.9889308214187622,"z":-0.12560142576694489,"w":0.0811796560883522},"size":0.7325581908226013,"orthographic":false}