{"cameraMode":{"drawMode":0,"name":"Shaded","section":"Shading Mode"},"sceneLighting":true,"audioPlay":false,"sceneViewState":{"m_AlwaysRefresh":false,"showFog":true,"showSkybox":true,"showFlares":true,"showImageEffects":true,"showParticleSystems":true,"showVisualEffectGraphs":true,"m_FxEnabled":true},"in2DMode":false,"pivot":{"x":-0.04399999976158142,"y":0.49900001287460329,"z":0.37299999594688418},"rotation":{"x":0.150405615568161,"y":-0.25696688890457156,"z":0.04030434787273407,"w":0.9540411233901978},"size":0.9430772662162781,"orthographic":false}