{"cameraMode":{"drawMode":0,"name":"Shaded","section":"Shading Mode"},"sceneLighting":true,"audioPlay":false,"sceneViewState":{"m_AlwaysRefresh":false,"showFog":true,"showSkybox":true,"showFlares":true,"showImageEffects":true,"showParticleSystems":true,"showVisualEffectGraphs":true,"m_FxEnabled":true},"in2DMode":false,"pivot":{"x":-68.05120849609375,"y":6.5964484214782719,"z":-79.63563537597656},"rotation":{"x":-0.002039739629253745,"y":-0.9337917566299439,"z":-0.005311870481818914,"w":0.3578636944293976},"size":59.45198059082031,"orthographic":false}